{
  "model_name": "HurdleHistGradientBoosting",
  "target": "expected_next_deadhead_miles",
  "trained_at": "2026-06-16T15:19:09.607436+00:00",
  "train_rows": 14936,
  "test_rows": 3594,
  "label_cap_miles": 300.0,
  "censoring_rate": {
    "train": 0.0790037493304767,
    "test": 0.08291597106288258
  },
  "ranking_groups": 313.0,
  "config": {
    "search_window_hours": 8.0,
    "min_rate_per_mile": 1.75,
    "max_deadhead_cap_miles": 300.0,
    "radius_miles": [
      50.0,
      100.0,
      150.0
    ],
    "test_size_time_fraction": 0.2,
    "top_k": 3,
    "random_seed": 42
  },
  "metrics": {
    "global_mean": {
      "mae": 69.81402226276681,
      "rmse": 96.77572305544385,
      "median_ae": 44.540568711540374,
      "r2": -0.0005404554326600142,
      "within_25mi": 0.05008347245409015,
      "within_50mi": 0.7276015581524764,
      "top_k_hit_rate": 0.36741214057507987,
      "ranking_groups": 313.0
    },
    "zone_daypart": {
      "mae": 61.234465129366576,
      "rmse": 89.24683989659601,
      "median_ae": 32.09513327424781,
      "r2": 0.14908241588760174,
      "within_25mi": 0.3884251530328325,
      "within_50mi": 0.6597106288258208,
      "top_k_hit_rate": 0.4472843450479233,
      "ranking_groups": 313.0
    },
    "gradient_boosting": {
      "mae": 49.32314829519187,
      "rmse": 88.65214106170785,
      "median_ae": 13.238358099622369,
      "r2": 0.16038485957185256,
      "within_25mi": 0.6371730662214803,
      "within_50mi": 0.755147468002226,
      "top_k_hit_rate": 0.5015974440894568,
      "ranking_groups": 313.0
    }
  },
  "features": [
    "destination_lat",
    "destination_lon",
    "destination_zone",
    "destination_state",
    "equipment_type",
    "mode",
    "arrival_hour",
    "arrival_dow",
    "is_weekend",
    "arrival_month",
    "sin_hour",
    "cos_hour",
    "sin_dow",
    "cos_dow",
    "load_age_hours",
    "loads_within_50",
    "equip_match_within_50",
    "open_match_within_50",
    "loads_within_100",
    "equip_match_within_100",
    "open_match_within_100",
    "loads_within_150",
    "equip_match_within_150",
    "open_match_within_150",
    "posted_loads_near",
    "median_rate_per_mile_near",
    "median_loaded_miles_near",
    "median_load_age_near"
  ]
}