{
  "scenarios": 1000,
  "ortools_time_limit_s": 0.2,
  "planners": [
    {
      "key": "heuristic",
      "label": "Heuristic",
      "metrics": {
        "scenarios": 1000,
        "feasible_rate": 0.881,
        "avg_profit": 396.38034345150345,
        "total_profit": 396380.34345150343,
        "avg_deadhead_miles": 11.287646437767325,
        "avg_loads_selected": 0.907,
        "total_loads_selected": 907,
        "avg_runtime_ms": 0.1524112999859426,
        "median_runtime_ms": 0.1551500004097761
      }
    },
    {
      "key": "ortools_distance",
      "label": "OR-Tools Distance",
      "metrics": {
        "scenarios": 1000,
        "feasible_rate": 0.824,
        "avg_profit": 240.1368764564821,
        "total_profit": 240136.8764564821,
        "avg_deadhead_miles": 8.930239239940937,
        "avg_loads_selected": 0.875,
        "total_loads_selected": 875,
        "avg_runtime_ms": 199.3059822000032,
        "median_runtime_ms": 201.6089000003376
      }
    },
    {
      "key": "ortools_profit_aware",
      "label": "OR-Tools Profit-Aware",
      "metrics": {
        "scenarios": 1000,
        "feasible_rate": 0.881,
        "avg_profit": 396.7936054612443,
        "total_profit": 396793.6054612443,
        "avg_deadhead_miles": 12.030616934356622,
        "avg_loads_selected": 0.909,
        "total_loads_selected": 909,
        "avg_runtime_ms": 197.33302350000577,
        "median_runtime_ms": 201.6275999994832
      }
    },
    {
      "key": "ortools_destination_aware",
      "label": "OR-Tools Destination-Aware",
      "metrics": {
        "scenarios": 1000,
        "feasible_rate": 0.861,
        "avg_profit": 393.23069514511315,
        "total_profit": 393230.69514511316,
        "avg_deadhead_miles": 10.48274306106968,
        "avg_loads_selected": 0.887,
        "total_loads_selected": 887,
        "avg_runtime_ms": 281.54543539997667,
        "median_runtime_ms": 274.57684999990306
      }
    }
  ]
}